<?xml version="1.0" encoding="UTF-8"?>
<AddSituationDef
    xmlns:tns="http://www.rulecore.com/schema/rulecore-event"
    xmlns:xsi="http://www.w3.org/2001/XMLSchema-instance"
    xsi:schemaLocation="http://www.rulecore.com/schema/rulecore-event AddSituationDef.xsd"
    eventId="0eb61bd8-f9be-4574-abe7-35d13d94268a"
    eventTimestamp="2007-06-12T14:00:01.1023Z" eventClass="system">
    
    <EventHeader>
        <SecurityInfo>
            <Credentials>3719075c-a40f-472b-94a2-28f7c1668a1e</Credentials>
        </SecurityInfo>
    </EventHeader>
    
    
    <EventBody>
        
        <SituationDef name="ExcessiveActivity">
            
            <Detector>                
                <EventCount min="4">
                    <EventPickup evalMode="continuous" keep="last" name="activity">$xpath("View/Event[@type="ActivityEvent"]")</EventPickup>
                </EventCount>                
            </Detector>
            
        </SituationDef>
        
    </EventBody>
    
</AddSituationDef>



