<?xml version="1.0" encoding="UTF-8"?>
<AddRuleDef
    xmlns:tns="http://www.rulecore.com/schema/rulecore-event"
    xmlns:xsi="http://www.w3.org/2001/XMLSchema-instance"
    xsi:schemaLocation="http://www.rulecore.com/schema/rulecore-event AddRuleDef.xsd"
    eventId="0eb61bd8-f9be-4574-abe7-35d13d94268a"
    eventTimestamp="2007-06-12T14:00:01.1023Z"
    eventClass="system">
    
    <EventHeader>
        <SecurityInfo>
            <Credentials>3719075c-a40f-472b-94a2-28f7c1668a1e</Credentials>
        </SecurityInfo>
    </EventHeader>
    
    
    <EventBody>
        
        <Rule name="Activity" evaluationMode="continuous" limit="500">
            
            <Description>
                Trigger when we see more than 4 activity events in one quadrant
                during the last 10 minutes.
            </Description>
            
            
            <View>		
                  
                <Age>
                    <Max>200</Max>										
                </Age>
                
                
                <Match>

                    <Value>
                        <Event>$xpath("EventDef[@eventType="ActivityEvent"]")</Event>
                        <Field>$xpath("concat(EventBody/coordX/child::text(),':',EventBody/coordY/child::text())")</Field>    
                    </Value>

                </Match>

            </View>
 
            <SituationRef name="Fault">$xpath("SituationDef[@name="ExcessiveActivity"]")</SituationRef>
            <ActionRef name="ReportFaults">$xpath("ActionDef[@name="ActiveQuadrant"]")</ActionRef>
            
        </Rule>
        
        
    </EventBody>
    
</AddRuleDef>

