<?xml version="1.0" encoding="UTF-8"?>
<RuleModeChange
    xmlns:tns="http://www.rulecore.com/schema/rulecore-event"
    xmlns:xsi="http://www.w3.org/2001/XMLSchema-instance"
    xsi:schemaLocation="http://www.rulecore.com/schema/rulecore-event RuleModeChange.xsd"
    eventId="0eb61bd8-f9be-4574-abe7-35d13d94268a"
    eventTimestamp="2007-06-12T14:00:01.1023Z"
    eventClass="system">
    
    <EventHeader>
        <SecurityInfo>
            <Credentials>3719075c-a40f-472b-94a2-28f7c1668a1e</Credentials>
        </SecurityInfo>
    </EventHeader>
    
    
    <EventBody>
        
        <ModeChange>
            <Rule>Activity</Rule>   
            <Mode>online</Mode>
        </ModeChange>
        
    </EventBody>
    
</RuleModeChange>




