<?xml version="1.0" encoding="UTF-8"?>
<LOAN_APPLICATION MISMOVersionID="2.3.1" xmlns:xsi="http://www.w3.org/2001/XMLSchema-instance" xsi:noNamespaceSchemaLocation="AUS_v2_4.xsd">
	<_DATA_INFORMATION>
		<DATA_VERSION _Name="MISMO" _Number="2.3.1"/>
	</_DATA_INFORMATION>
	<ADDITIONAL_CASE_DATA>
	<MORTGAGE_SCORE _Type="FraudFilterScore" _Value="563"/>
		<TRANSMITTAL_DATA BelowMarketSubordinateFinancingIndicator="N" CurrentFirstMortgageHolderType="Other" PropertyEstimatedValueAmount="156300.00"/>
	</ADDITIONAL_CASE_DATA>
	<ASSET BorrowerID="B1" _AccountIdentifier="B129893" _CashOrMarketValueAmount="3257" _Type="SavingsAccount" _HolderName="Hometown Bank" _HolderStreetAddress="537 South Street" _HolderCity="McLean" _HolderState="VA" _HolderPostalCode="22102"/>
	<GOVERNMENT_REPORTING HMDAPreapprovalType="NotApplicable"/>
	<INTERVIEWER_INFORMATION InterviewersEmployerStreetAddress="9631 Thorton Road" InterviewersEmployerCity="McLean" InterviewersEmployerState="VA" InterviewersEmployerPostalCode="22102" InterviewersTelephoneNumber="8008659713" ApplicationTakenMethodType="FaceToFace" InterviewerApplicationSignedDate="2005-12-06" InterviewersEmployerName="The Lending Company Corporation"/>
	<LIABILITY _ID="L1" BorrowerID="B1" REO_ID="R1" _HolderStreetAddress="431 Riverside Drive" _HolderCity="McLean" _HolderState="VA" _HolderPostalCode="22102" _AccountIdentifier="M120934" _ExclusionIndicator="N" _HolderName="The Mortgage Company" _MonthlyPaymentAmount="845.00" _PayoffStatusIndicator="Y" _RemainingTermMonths="117" _Type="MortgageLoan" _UnpaidBalanceAmount="98712.00"/>
	<LOAN_PRODUCT_DATA>
		<ARM _IndexCurrentValuePercent="4.132" _IndexMarginPercent="2.500" _IndexType="Other" _QualifyingRatePercent="6.000" _ConversionOptionIndicator="N" RateAdjustmentLifetimeCapPercent="6.000"/>
		<LOAN_FEATURES AssumabilityIndicator="N" BalloonIndicator="N" BuydownTemporarySubsidyIndicator="N" EscrowWaiverIndicator="N" GSEPropertyType="Attached" LienPriorityType="FirstLien" LoanRepaymentType="NoNegativeAmortization" LoanScheduledClosingDate="2006-01-15" PaymentFrequencyType="Monthly" PrepaymentPenaltyIndicator="N" ScheduledFirstPaymentDate="2006-03-01" LoanDocumentationType="FullDocumentation"/>
		<PAYMENT_ADJUSTMENT FirstPaymentAdjustmentMonths="12" _PeriodNumber="1" SubsequentPaymentAdjustmentMonths="12"/>
		<RATE_ADJUSTMENT FirstRateAdjustmentMonths="12" _DurationMonths="12" _PeriodNumber="1" _SubsequentCapPercent="2.000" SubsequentRateAdjustmentMonths="12"/>
	</LOAN_PRODUCT_DATA>
	<LOAN_PURPOSE _Type="Refinance" PropertyRightsType="FeeSimple" PropertyUsageType="PrimaryResidence">
		<CONSTRUCTION_REFINANCE_DATA GSERefinancePurposeType="NoCashOutOther" PropertyAcquiredYear="2002" PropertyExistingLienAmount="98712.00" PropertyOriginalCostAmount="100500.00" RefinanceImprovementsType="Unknown" SecondaryFinancingRefinanceIndicator="N"/>
	</LOAN_PURPOSE>
	<LOAN_QUALIFICATION AdditionalBorrowerAssetsNotConsideredIndicator="N" AdditionalBorrowerAssetsConsideredIndicator="Y"/>
	<MORTGAGE_TERMS ARMTypeDescription="1 year ARM 2/6 Caps" BaseLoanAmount="101500.00" BorrowerRequestedLoanAmount="880000" LenderCaseIdentifier="ACMEPlusGroup" LoanAmortizationTermMonths="360" LoanAmortizationType="AdjustableRate" MortgageType="Conventional" RequestedInterestRatePercent="5.000"/>
	<PROPERTY _StreetAddress="22 Lakeshore" _City="McLean" _State="MI" _County="Fairfax" _PostalCode="22102" BuildingStatusType="Existing" _FinancedNumberOfUnits="1" _StructureBuiltYear="1929" PlannedUnitDevelopmentIndicator="N">
		<PARSED_STREET_ADDRESS _HouseNumber="22" _StreetName="Lakeshore"/>
		<_VALUATION _MethodType="Other"/>
	</PROPERTY>
	<PROPOSED_HOUSING_EXPENSE HousingExpenseType="FirstMortgagePrincipalAndInterest" _PaymentAmount="544.88"/>
	<REO_PROPERTY REO_ID="R1" BorrowerID="B1" LiabilityID="L1" _StreetAddress="22 Lakeshore" _City="McLean" _State="VA" _PostalCode="22102" _CurrentResidenceIndicator="Y" _DispositionStatusType="RetainForPrimaryOrSecondaryResidence" _GSEPropertyType="SingleFamily" _LienInstallmentAmount="845.00" _LienUPBAmount="98712.00" _MaintenanceExpenseAmount="100.00" _MarketValueAmount="152000.00" _SubjectIndicator="Y"/>
	<TRANSACTION_DETAIL BorrowerPaidDiscountPointsTotalAmount="1015.00" EstimatedClosingCostsAmount="2030.00" PrepaidItemsEstimatedAmount="225.60" RefinanceIncludingDebtsToBePaidOffAmount="98712.00" FREReservesAmount="3257.00"/>
	<BORROWER BorrowerID="B1" _FirstName="Samantha" _LastName="Lark" _BirthDate="1963-11-14" _ApplicationSignedDate="2005-12-06" _PrintPositionType="Borrower" _SSN="111111111" JointAssetLiabilityReportingType="NotJointly" MaritalStatusType="Unmarried">
		<_RESIDENCE _StreetAddress="22 Lakeshore Drive" _City="McLean" _State="MI" _PostalCode="48152" _Country="US" BorrowerResidencyBasisType="Own" BorrowerResidencyDurationMonths="00" BorrowerResidencyDurationYears="4" BorrowerResidencyType="Current"/>
		<CURRENT_INCOME IncomeType="Base" _MonthlyTotalAmount="3780.00"/>
		<DECLARATION AlimonyChildSupportObligationIndicator="N" BankruptcyIndicator="N" BorrowedDownPaymentIndicator="N" CitizenshipResidencyType="USCitizen" CoMakerEndorserOfNoteIndicator="N" HomeownerPastThreeYearsType="Yes" IntentToOccupyType="Yes" LoanForeclosureOrJudgementIndicator="N" OutstandingJudgementsIndicator="N" PartyToLawsuitIndicator="N" PresentlyDelinquentIndicator="N" PriorPropertyTitleType="Sole" PriorPropertyUsageType="PrimaryResidence" PropertyForeclosedPastSevenYearsIndicator="N"/>
		<EMPLOYER _Name="Hardware Inc" _StreetAddress="477 Robert Road" _City="McLean" _State="VA" _PostalCode="22102" CurrentEmploymentMonthsOnJob="0" CurrentEmploymentYearsOnJob="4" EmploymentBorrowerSelfEmployedIndicator="N" EmploymentCurrentIndicator="Y" EmploymentPrimaryIndicator="Y"/>
		<GOVERNMENT_MONITORING GenderType="Female" RaceNationalOriginRefusalIndicator="N" RaceNationalOriginType="AsianOrPacificIslander" HMDAEthnicityType="NotHispanicOrLatino">
			<HMDA_RACE _Type="Asian"/>
		</GOVERNMENT_MONITORING>
		<PRESENT_HOUSING_EXPENSE HousingExpenseType="FirstMortgagePrincipalAndInterest" _PaymentAmount="845.00"/>
		<PRESENT_HOUSING_EXPENSE HousingExpenseType="HazardInsurance" _PaymentAmount="25.00"/>
		<PRESENT_HOUSING_EXPENSE HousingExpenseType="RealEstateTax" _PaymentAmount="75.00"/>
	</BORROWER>
</LOAN_APPLICATION>
