        
        <Rule name="Activity" evaluationMode="continuous" limit="500">
            
            <Description>
                Trigger when we see more than 10 activity events in one quadrant
                during the last 5 minutes.
            </Description>
            
            
            <View>		
                  
                <Age>
                    <Max>600</Max>										
                </Age>
                
                
                <Match>													
                    <Value>
                        <Event>$xpath("EventDef[@eventType="ActivityEvent"]")</Event>
                        <Field>$xpath("concat(string(EventBody/coordX/child::text()),':',string(EventBody/coordY/child::text()))")</Field>    
                    </Value>
                   <!-- 
                    <Value>
                        <Event>$xpath("EventDef[@eventType="ActivityEvent"]")</Event>
                        <Field>
                    </Value>
-->
                </Match>
                
            </View>
 
            <SituationRef name="Fault">$xpath("SituationDef[@name="ExcessiveActivity"]")</SituationRef>
            <ActionRef name="ReportFaults">$xpath("ActionDef[@name="ActiveQuadrant"]")</ActionRef>
            
        </Rule>

