             
        <ActionDef name='ActiveQuadrant'>   
        
            <Event typeDef='$xpath("EventDef[@eventType="ActiveQuadrant"]")'>
              <Body>
                <XsltBuilder>
              
                     <xsl:stylesheet version="1.0">
                                        
                        <xsl:template match="@*|node()">
                            <xsl:copy>
                                <xsl:apply-templates select="@*|node()"/>
                            </xsl:copy>
                        </xsl:template>

                    </xsl:stylesheet>

                              
                </XsltBuilder>
              </Body>                
            </Event>              
        </ActionDef>   
      
